"filename", "language", "JavaScript", "Markdown", "JSON", "TypeScript", "Less", "HTML", "XML", "CSS", "comment", "blank", "total"
"d:\2021--自己用框架写的案例\my-Angular\README.md", "Markdown", 0, 43, 0, 0, 0, 0, 0, 0, 0, 25, 68
"d:\2021--自己用框架写的案例\my-Angular\angular.json", "JSON", 0, 0, 111, 0, 0, 0, 0, 0, 30, 0, 141
"d:\2021--自己用框架写的案例\my-Angular\e2e\protractor.conf.js", "JavaScript", 24, 0, 0, 0, 0, 0, 0, 0, 6, 2, 32
"d:\2021--自己用框架写的案例\my-Angular\e2e\src\app.e2e-spec.ts", "TypeScript", 0, 0, 0, 18, 0, 0, 0, 0, 1, 5, 24
"d:\2021--自己用框架写的案例\my-Angular\e2e\src\app.po.ts", "TypeScript", 0, 0, 0, 9, 0, 0, 0, 0, 0, 3, 12
"d:\2021--自己用框架写的案例\my-Angular\e2e\tsconfig.json", "JSON", 0, 0, 13, 0, 0, 0, 0, 0, 0, 1, 14
"d:\2021--自己用框架写的案例\my-Angular\hello.js", "JavaScript", 17, 0, 0, 0, 0, 0, 0, 0, 6, 1, 24
"d:\2021--自己用框架写的案例\my-Angular\hello.ts", "TypeScript", 0, 0, 0, 14, 0, 0, 0, 0, 6, 4, 24
"d:\2021--自己用框架写的案例\my-Angular\karma.conf.js", "JavaScript", 29, 0, 0, 0, 0, 0, 0, 0, 2, 2, 33
"d:\2021--自己用框架写的案例\my-Angular\package-lock.json", "JSON", 0, 0, 16055, 0, 0, 0, 0, 0, 0, 1, 16056
"d:\2021--自己用框架写的案例\my-Angular\package.json", "JSON", 0, 0, 66, 0, 0, 0, 0, 0, 0, 1, 67
"d:\2021--自己用框架写的案例\my-Angular\src\app\app-routing.module.ts", "TypeScript", 0, 0, 0, 93, 0, 0, 0, 0, 2, 2, 97
"d:\2021--自己用框架写的案例\my-Angular\src\app\app.component.html", "HTML", 0, 0, 0, 0, 0, 36, 0, 0, 5, 1, 42
"d:\2021--自己用框架写的案例\my-Angular\src\app\app.component.less", "Less", 0, 0, 0, 0, 55, 0, 0, 0, 0, 3, 58
"d:\2021--自己用框架写的案例\my-Angular\src\app\app.component.spec.ts", "TypeScript", 0, 0, 0, 31, 0, 0, 0, 0, 0, 5, 36
"d:\2021--自己用框架写的案例\my-Angular\src\app\app.component.ts", "TypeScript", 0, 0, 0, 26, 0, 0, 0, 0, 0, 6, 32
"d:\2021--自己用框架写的案例\my-Angular\src\app\app.module.ts", "TypeScript", 0, 0, 0, 67, 0, 0, 0, 0, 3, 7, 77
"d:\2021--自己用框架写的案例\my-Angular\src\app\httpConfig\config.service.ts", "TypeScript", 0, 0, 0, 43, 0, 0, 0, 0, 7, 11, 61
"d:\2021--自己用框架写的案例\my-Angular\src\app\httpConfig\http.handleError.service.ts", "TypeScript", 0, 0, 0, 21, 0, 0, 0, 0, 13, 12, 46
"d:\2021--自己用框架写的案例\my-Angular\src\app\httpConfig\message.service.ts", "TypeScript", 0, 0, 0, 11, 0, 0, 0, 0, 0, 4, 15
"d:\2021--自己用框架写的案例\my-Angular\src\app\in-memory-data.service.ts", "TypeScript", 0, 0, 0, 26, 0, 0, 0, 0, 11, 4, 41
"d:\2021--自己用框架写的案例\my-Angular\src\app\pages\angular-api\angular-attribute.component.html", "HTML", 0, 0, 0, 0, 0, 19, 0, 0, 0, 2, 21
"d:\2021--自己用框架写的案例\my-Angular\src\app\pages\angular-api\angular-attribute.component.less", "Less", 0, 0, 0, 0, 3, 0, 0, 0, 0, 3, 6
"d:\2021--自己用框架写的案例\my-Angular\src\app\pages\angular-api\angular-attribute.component.ts", "TypeScript", 0, 0, 0, 54, 0, 0, 0, 0, 3, 9, 66
"d:\2021--自己用框架写的案例\my-Angular\src\app\pages\angular-api\angular-attribute.module.ts", "TypeScript", 0, 0, 0, 44, 0, 0, 0, 0, 1, 2, 47
"d:\2021--自己用框架写的案例\my-Angular\src\app\pages\angular-api\element-ref\element-ref.component.html", "HTML", 0, 0, 0, 0, 0, 6, 0, 0, 0, 0, 6
"d:\2021--自己用框架写的案例\my-Angular\src\app\pages\angular-api\element-ref\element-ref.component.less", "Less", 0, 0, 0, 0, 0, 0, 0, 0, 0, 1, 1
"d:\2021--自己用框架写的案例\my-Angular\src\app\pages\angular-api\element-ref\element-ref.component.ts", "TypeScript", 0, 0, 0, 30, 0, 0, 0, 0, 6, 9, 45
"d:\2021--自己用框架写的案例\my-Angular\src\app\pages\angular-api\function\function.component.html", "HTML", 0, 0, 0, 0, 0, 14, 0, 0, 0, 5, 19
"d:\2021--自己用框架写的案例\my-Angular\src\app\pages\angular-api\function\function.component.less", "Less", 0, 0, 0, 0, 0, 0, 0, 0, 0, 1, 1
"d:\2021--自己用框架写的案例\my-Angular\src\app\pages\angular-api\function\function.component.ts", "TypeScript", 0, 0, 0, 46, 0, 0, 0, 0, 5, 12, 63
"d:\2021--自己用框架写的案例\my-Angular\src\app\pages\angular-api\inner-html\inner-html.component.html", "HTML", 0, 0, 0, 0, 0, 7, 0, 0, 0, 1, 8
"d:\2021--自己用框架写的案例\my-Angular\src\app\pages\angular-api\inner-html\inner-html.component.less", "Less", 0, 0, 0, 0, 0, 0, 0, 0, 0, 1, 1
"d:\2021--自己用框架写的案例\my-Angular\src\app\pages\angular-api\inner-html\inner-html.component.ts", "TypeScript", 0, 0, 0, 42, 0, 0, 0, 0, 2, 9, 53
"d:\2021--自己用框架写的案例\my-Angular\src\app\pages\angular-api\ng-component-outlet\a.component\a.html", "HTML", 0, 0, 0, 0, 0, 14, 0, 0, 2, 3, 19
"d:\2021--自己用框架写的案例\my-Angular\src\app\pages\angular-api\ng-component-outlet\a.component\a.ts", "TypeScript", 0, 0, 0, 15, 0, 0, 0, 0, 0, 4, 19
"d:\2021--自己用框架写的案例\my-Angular\src\app\pages\angular-api\ng-component-outlet\b.component\b.html", "HTML", 0, 0, 0, 0, 0, 29, 0, 0, 0, 4, 33
"d:\2021--自己用框架写的案例\my-Angular\src\app\pages\angular-api\ng-component-outlet\b.component\b.ts", "TypeScript", 0, 0, 0, 19, 0, 0, 0, 0, 1, 6, 26
"d:\2021--自己用框架写的案例\my-Angular\src\app\pages\angular-api\ng-component-outlet\index.ts", "TypeScript", 0, 0, 0, 11, 0, 0, 0, 0, 1, 2, 14
"d:\2021--自己用框架写的案例\my-Angular\src\app\pages\angular-api\ng-component-outlet\inner-template.html", "HTML", 0, 0, 0, 0, 0, 33, 0, 0, 0, 1, 34
"d:\2021--自己用框架写的案例\my-Angular\src\app\pages\angular-api\ng-component-outlet\ng-component-outlet.component.html", "HTML", 0, 0, 0, 0, 0, 10, 0, 0, 0, 3, 13
"d:\2021--自己用框架写的案例\my-Angular\src\app\pages\angular-api\ng-component-outlet\ng-component-outlet.component.less", "Less", 0, 0, 0, 0, 0, 0, 0, 0, 0, 1, 1
"d:\2021--自己用框架写的案例\my-Angular\src\app\pages\angular-api\ng-component-outlet\ng-component-outlet.component.ts", "TypeScript", 0, 0, 0, 43, 0, 0, 0, 0, 0, 11, 54
"d:\2021--自己用框架写的案例\my-Angular\src\app\pages\angular-api\ng-if\ng-if.component.html", "HTML", 0, 0, 0, 0, 0, 22, 0, 0, 2, 4, 28
"d:\2021--自己用框架写的案例\my-Angular\src\app\pages\angular-api\ng-if\ng-if.component.less", "Less", 0, 0, 0, 0, 0, 0, 0, 0, 0, 1, 1
"d:\2021--自己用框架写的案例\my-Angular\src\app\pages\angular-api\ng-if\ng-if.component.ts", "TypeScript", 0, 0, 0, 25, 0, 0, 0, 0, 0, 8, 33
"d:\2021--自己用框架写的案例\my-Angular\src\app\pages\angular-api\ng-plural\ng-plural.component.html", "HTML", 0, 0, 0, 0, 0, 93, 0, 0, 8, 6, 107
"d:\2021--自己用框架写的案例\my-Angular\src\app\pages\angular-api\ng-plural\ng-plural.component.less", "Less", 0, 0, 0, 0, 6, 0, 0, 0, 0, 1, 7
"d:\2021--自己用框架写的案例\my-Angular\src\app\pages\angular-api\ng-plural\ng-plural.component.ts", "TypeScript", 0, 0, 0, 36, 0, 0, 0, 0, 0, 10, 46
"d:\2021--自己用框架写的案例\my-Angular\src\app\pages\angular-api\refresh-view\refresh-view.component.html", "HTML", 0, 0, 0, 0, 0, 17, 0, 0, 0, 2, 19
"d:\2021--自己用框架写的案例\my-Angular\src\app\pages\angular-api\refresh-view\refresh-view.component.less", "Less", 0, 0, 0, 0, 0, 0, 0, 0, 0, 1, 1
"d:\2021--自己用框架写的案例\my-Angular\src\app\pages\angular-api\refresh-view\refresh-view.component.ts", "TypeScript", 0, 0, 0, 32, 0, 0, 0, 0, 20, 11, 63
"d:\2021--自己用框架写的案例\my-Angular\src\app\pages\angular-api\router\brother-router\brother-router.component.html", "HTML", 0, 0, 0, 0, 0, 1, 0, 0, 0, 1, 2
"d:\2021--自己用框架写的案例\my-Angular\src\app\pages\angular-api\router\brother-router\brother-router.component.less", "Less", 0, 0, 0, 0, 0, 0, 0, 0, 0, 1, 1
"d:\2021--自己用框架写的案例\my-Angular\src\app\pages\angular-api\router\brother-router\brother-router.component.ts", "TypeScript", 0, 0, 0, 11, 0, 0, 0, 0, 0, 5, 16
"d:\2021--自己用框架写的案例\my-Angular\src\app\pages\angular-api\router\child-router\child-router.component.html", "HTML", 0, 0, 0, 0, 0, 6, 0, 0, 1, 5, 12
"d:\2021--自己用框架写的案例\my-Angular\src\app\pages\angular-api\router\child-router\child-router.component.less", "Less", 0, 0, 0, 0, 0, 0, 0, 0, 0, 1, 1
"d:\2021--自己用框架写的案例\my-Angular\src\app\pages\angular-api\router\child-router\child-router.component.ts", "TypeScript", 0, 0, 0, 27, 0, 0, 0, 0, 5, 11, 43
"d:\2021--自己用框架写的案例\my-Angular\src\app\pages\angular-api\router\router.component.html", "HTML", 0, 0, 0, 0, 0, 9, 0, 0, 3, 3, 15
"d:\2021--自己用框架写的案例\my-Angular\src\app\pages\angular-api\router\router.component.less", "Less", 0, 0, 0, 0, 0, 0, 0, 0, 0, 1, 1
"d:\2021--自己用框架写的案例\my-Angular\src\app\pages\angular-api\router\router.component.ts", "TypeScript", 0, 0, 0, 18, 0, 0, 0, 0, 7, 10, 35
"d:\2021--自己用框架写的案例\my-Angular\src\app\pages\angular-works\angular-works.component.html", "HTML", 0, 0, 0, 0, 0, 10, 0, 0, 0, 3, 13
"d:\2021--自己用框架写的案例\my-Angular\src\app\pages\angular-works\angular-works.component.less", "Less", 0, 0, 0, 0, 3, 0, 0, 0, 0, 1, 4
"d:\2021--自己用框架写的案例\my-Angular\src\app\pages\angular-works\angular-works.component.ts", "TypeScript", 0, 0, 0, 23, 0, 0, 0, 0, 0, 8, 31
"d:\2021--自己用框架写的案例\my-Angular\src\app\pages\angular-works\angular-works.module.ts", "TypeScript", 0, 0, 0, 24, 0, 0, 0, 0, 0, 3, 27
"d:\2021--自己用框架写的案例\my-Angular\src\app\pages\angular-works\custom-model\custom-model.component.html", "HTML", 0, 0, 0, 0, 0, 20, 0, 0, 0, 2, 22
"d:\2021--自己用框架写的案例\my-Angular\src\app\pages\angular-works\custom-model\custom-model.component.less", "Less", 0, 0, 0, 0, 0, 0, 0, 0, 0, 1, 1
"d:\2021--自己用框架写的案例\my-Angular\src\app\pages\angular-works\custom-model\custom-model.component.ts", "TypeScript", 0, 0, 0, 29, 0, 0, 0, 0, 0, 10, 39
"d:\2021--自己用框架写的案例\my-Angular\src\app\pages\angular-works\drag-drop\drag-drop.component.html", "HTML", 0, 0, 0, 0, 0, 46, 0, 0, 0, 10, 56
"d:\2021--自己用框架写的案例\my-Angular\src\app\pages\angular-works\drag-drop\drag-drop.component.less", "Less", 0, 0, 0, 0, 20, 0, 0, 0, 0, 7, 27
"d:\2021--自己用框架写的案例\my-Angular\src\app\pages\angular-works\drag-drop\drag-drop.component.ts", "TypeScript", 0, 0, 0, 36, 0, 0, 0, 0, 0, 9, 45
"d:\2021--自己用框架写的案例\my-Angular\src\app\pages\basic\basic-routing.module.ts", "TypeScript", 0, 0, 0, 11, 0, 0, 0, 0, 0, 1, 12
"d:\2021--自己用框架写的案例\my-Angular\src\app\pages\basic\basic.component.html", "HTML", 0, 0, 0, 0, 0, 91, 0, 0, 17, 13, 121
"d:\2021--自己用框架写的案例\my-Angular\src\app\pages\basic\basic.component.less", "Less", 0, 0, 0, 0, 11, 0, 0, 0, 0, 1, 12
"d:\2021--自己用框架写的案例\my-Angular\src\app\pages\basic\basic.component.ts", "TypeScript", 0, 0, 0, 90, 0, 0, 0, 0, 20, 24, 134
"d:\2021--自己用框架写的案例\my-Angular\src\app\pages\basic\basic.module.ts", "TypeScript", 0, 0, 0, 34, 0, 0, 0, 0, 0, 2, 36
"d:\2021--自己用框架写的案例\my-Angular\src\app\pages\basic\service\data.service.ts", "TypeScript", 0, 0, 0, 46, 0, 0, 0, 0, 20, 17, 83
"d:\2021--自己用框架写的案例\my-Angular\src\app\pages\basic\service\data.type.ts", "TypeScript", 0, 0, 0, 8, 0, 0, 0, 0, 0, 2, 10
"d:\2021--自己用框架写的案例\my-Angular\src\app\pages\basic\service\message.service.ts", "TypeScript", 0, 0, 0, 13, 0, 0, 0, 0, 0, 5, 18
"d:\2021--自己用框架写的案例\my-Angular\src\app\pages\basic\service\mock.data.ts", "TypeScript", 0, 0, 0, 8, 0, 0, 0, 0, 0, 1, 9
"d:\2021--自己用框架写的案例\my-Angular\src\app\pages\basic\svg\svg.component.svg", "XML", 0, 0, 0, 0, 0, 0, 6, 0, 0, 0, 6
"d:\2021--自己用框架写的案例\my-Angular\src\app\pages\basic\svg\svg.component.ts", "TypeScript", 0, 0, 0, 15, 0, 0, 0, 0, 0, 2, 17
"d:\2021--自己用框架写的案例\my-Angular\src\app\pages\basic\test\test.component.html", "HTML", 0, 0, 0, 0, 0, 7, 0, 0, 0, 0, 7
"d:\2021--自己用框架写的案例\my-Angular\src\app\pages\basic\test\test.component.less", "Less", 0, 0, 0, 0, 0, 0, 0, 0, 0, 1, 1
"d:\2021--自己用框架写的案例\my-Angular\src\app\pages\basic\test\test.component.ts", "TypeScript", 0, 0, 0, 32, 0, 0, 0, 0, 2, 10, 44
"d:\2021--自己用框架写的案例\my-Angular\src\app\pages\bootstrap\bootstrap-routing.module.ts", "TypeScript", 0, 0, 0, 11, 0, 0, 0, 0, 0, 1, 12
"d:\2021--自己用框架写的案例\my-Angular\src\app\pages\bootstrap\bootstrap-tesst.component.html", "HTML", 0, 0, 0, 0, 0, 38, 0, 0, 0, 3, 41
"d:\2021--自己用框架写的案例\my-Angular\src\app\pages\bootstrap\bootstrap-tesst.component.less", "Less", 0, 0, 0, 0, 13, 0, 0, 0, 0, 0, 13
"d:\2021--自己用框架写的案例\my-Angular\src\app\pages\bootstrap\bootstrap-tesst.component.ts", "TypeScript", 0, 0, 0, 70, 0, 0, 0, 0, 26, 23, 119
"d:\2021--自己用框架写的案例\my-Angular\src\app\pages\bootstrap\bootstrap.module.ts", "TypeScript", 0, 0, 0, 23, 0, 0, 0, 0, 1, 2, 26
"d:\2021--自己用框架写的案例\my-Angular\src\app\pages\bootstrap\child\child.component.html", "HTML", 0, 0, 0, 0, 0, 10, 0, 0, 0, 1, 11
"d:\2021--自己用框架写的案例\my-Angular\src\app\pages\bootstrap\child\child.component.less", "Less", 0, 0, 0, 0, 0, 0, 0, 0, 0, 1, 1
"d:\2021--自己用框架写的案例\my-Angular\src\app\pages\bootstrap\child\child.component.ts", "TypeScript", 0, 0, 0, 18, 0, 0, 0, 0, 0, 7, 25
"d:\2021--自己用框架写的案例\my-Angular\src\app\pages\bootstrap\datatype.ts", "TypeScript", 0, 0, 0, 10, 0, 0, 0, 0, 0, 0, 10
"d:\2021--自己用框架写的案例\my-Angular\src\app\pages\counter\counter-routing.module.ts", "TypeScript", 0, 0, 0, 11, 0, 0, 0, 0, 0, 1, 12
"d:\2021--自己用框架写的案例\my-Angular\src\app\pages\counter\counter.component.html", "HTML", 0, 0, 0, 0, 0, 36, 0, 0, 1, 7, 44
"d:\2021--自己用框架写的案例\my-Angular\src\app\pages\counter\counter.component.less", "Less", 0, 0, 0, 0, 23, 0, 0, 0, 0, 2, 25
"d:\2021--自己用框架写的案例\my-Angular\src\app\pages\counter\counter.component.ts", "TypeScript", 0, 0, 0, 65, 0, 0, 0, 0, 18, 21, 104
"d:\2021--自己用框架写的案例\my-Angular\src\app\pages\counter\counter.module.ts", "TypeScript", 0, 0, 0, 16, 0, 0, 0, 0, 0, 4, 20
"d:\2021--自己用框架写的案例\my-Angular\src\app\pages\es6\es6-routing.module.ts", "TypeScript", 0, 0, 0, 11, 0, 0, 0, 0, 0, 2, 13
"d:\2021--自己用框架写的案例\my-Angular\src\app\pages\es6\es6.component.html", "HTML", 0, 0, 0, 0, 0, 1, 0, 0, 0, 1, 2
"d:\2021--自己用框架写的案例\my-Angular\src\app\pages\es6\es6.component.less", "Less", 0, 0, 0, 0, 0, 0, 0, 0, 0, 1, 1
"d:\2021--自己用框架写的案例\my-Angular\src\app\pages\es6\es6.component.ts", "TypeScript", 0, 0, 0, 31, 0, 0, 0, 0, 1, 7, 39
"d:\2021--自己用框架写的案例\my-Angular\src\app\pages\es6\es6.module.ts", "TypeScript", 0, 0, 0, 14, 0, 0, 0, 0, 0, 4, 18
"d:\2021--自己用框架写的案例\my-Angular\src\app\pages\home\home-routing.module.ts", "TypeScript", 0, 0, 0, 11, 0, 0, 0, 0, 0, 1, 12
"d:\2021--自己用框架写的案例\my-Angular\src\app\pages\home\home.component.html", "HTML", 0, 0, 0, 0, 0, 10, 0, 0, 0, 1, 11
"d:\2021--自己用框架写的案例\my-Angular\src\app\pages\home\home.component.less", "Less", 0, 0, 0, 0, 3, 0, 0, 0, 0, 0, 3
"d:\2021--自己用框架写的案例\my-Angular\src\app\pages\home\home.component.ts", "TypeScript", 0, 0, 0, 14, 0, 0, 0, 0, 0, 6, 20
"d:\2021--自己用框架写的案例\my-Angular\src\app\pages\home\home.module.ts", "TypeScript", 0, 0, 0, 14, 0, 0, 0, 0, 0, 2, 16
"d:\2021--自己用框架写的案例\my-Angular\src\app\pages\rxjs\rxjs-routing.module.ts", "TypeScript", 0, 0, 0, 16, 0, 0, 0, 0, 0, 2, 18
"d:\2021--自己用框架写的案例\my-Angular\src\app\pages\rxjs\rxjs.component.html", "HTML", 0, 0, 0, 0, 0, 38, 0, 0, 2, 1, 41
"d:\2021--自己用框架写的案例\my-Angular\src\app\pages\rxjs\rxjs.component.less", "Less", 0, 0, 0, 0, 6, 0, 0, 0, 0, 4, 10
"d:\2021--自己用框架写的案例\my-Angular\src\app\pages\rxjs\rxjs.component.ts", "TypeScript", 0, 0, 0, 66, 0, 0, 0, 0, 5, 13, 84
"d:\2021--自己用框架写的案例\my-Angular\src\app\pages\rxjs\rxjs.interface.ts", "TypeScript", 0, 0, 0, 25, 0, 0, 0, 0, 0, 3, 28
"d:\2021--自己用框架写的案例\my-Angular\src\app\pages\rxjs\rxjs.module.ts", "TypeScript", 0, 0, 0, 21, 0, 0, 0, 0, 0, 2, 23
"d:\2021--自己用框架写的案例\my-Angular\src\app\pages\rxjs\rxjs.service.ts", "TypeScript", 0, 0, 0, 31, 0, 0, 0, 0, 2, 7, 40
"d:\2021--自己用框架写的案例\my-Angular\src\app\pages\rxjs\subjectdiff\subjectdiff.component.html", "HTML", 0, 0, 0, 0, 0, 6, 0, 0, 0, 1, 7
"d:\2021--自己用框架写的案例\my-Angular\src\app\pages\rxjs\subjectdiff\subjectdiff.component.less", "Less", 0, 0, 0, 0, 0, 0, 0, 0, 0, 1, 1
"d:\2021--自己用框架写的案例\my-Angular\src\app\pages\rxjs\subjectdiff\subjectdiff.component.ts", "TypeScript", 0, 0, 0, 42, 0, 0, 0, 0, 4, 14, 60
"d:\2021--自己用框架写的案例\my-Angular\src\app\pages\typescript\typescript-routing.module.ts", "TypeScript", 0, 0, 0, 11, 0, 0, 0, 0, 0, 2, 13
"d:\2021--自己用框架写的案例\my-Angular\src\app\pages\typescript\typescript.component.html", "HTML", 0, 0, 0, 0, 0, 10, 0, 0, 0, 5, 15
"d:\2021--自己用框架写的案例\my-Angular\src\app\pages\typescript\typescript.component.less", "Less", 0, 0, 0, 0, 0, 0, 0, 0, 0, 1, 1
"d:\2021--自己用框架写的案例\my-Angular\src\app\pages\typescript\typescript.component.ts", "TypeScript", 0, 0, 0, 65, 0, 0, 0, 0, 32, 28, 125
"d:\2021--自己用框架写的案例\my-Angular\src\app\pages\typescript\typescript.interface.ts", "TypeScript", 0, 0, 0, 21, 0, 0, 0, 0, 5, 9, 35
"d:\2021--自己用框架写的案例\my-Angular\src\app\pages\typescript\typescript.module.ts", "TypeScript", 0, 0, 0, 14, 0, 0, 0, 0, 0, 4, 18
"d:\2021--自己用框架写的案例\my-Angular\src\app\pages\workdemo\workdemo-routing.module.ts", "TypeScript", 0, 0, 0, 11, 0, 0, 0, 0, 0, 1, 12
"d:\2021--自己用框架写的案例\my-Angular\src\app\pages\workdemo\workdemo.component.html", "HTML", 0, 0, 0, 0, 0, 18, 0, 0, 3, 3, 24
"d:\2021--自己用框架写的案例\my-Angular\src\app\pages\workdemo\workdemo.component.less", "Less", 0, 0, 0, 0, 14, 0, 0, 0, 0, 0, 14
"d:\2021--自己用框架写的案例\my-Angular\src\app\pages\workdemo\workdemo.component.ts", "TypeScript", 0, 0, 0, 30, 0, 0, 0, 0, 1, 10, 41
"d:\2021--自己用框架写的案例\my-Angular\src\app\pages\workdemo\workdemo.module.ts", "TypeScript", 0, 0, 0, 17, 0, 0, 0, 0, 0, 4, 21
"d:\2021--自己用框架写的案例\my-Angular\src\app\request-cache.service.ts", "TypeScript", 0, 0, 0, 43, 0, 0, 0, 0, 1, 15, 59
"d:\2021--自己用框架写的案例\my-Angular\src\app\shared\components\code-toggle\code-toggle.component.html", "HTML", 0, 0, 0, 0, 0, 9, 0, 0, 0, 1, 10
"d:\2021--自己用框架写的案例\my-Angular\src\app\shared\components\code-toggle\code-toggle.component.less", "Less", 0, 0, 0, 0, 12, 0, 0, 0, 0, 0, 12
"d:\2021--自己用框架写的案例\my-Angular\src\app\shared\components\code-toggle\code-toggle.component.ts", "TypeScript", 0, 0, 0, 19, 0, 0, 0, 0, 2, 9, 30
"d:\2021--自己用框架写的案例\my-Angular\src\app\shared\components\filter\filter.component.html", "HTML", 0, 0, 0, 0, 0, 17, 0, 0, 0, 0, 17
"d:\2021--自己用框架写的案例\my-Angular\src\app\shared\components\filter\filter.component.less", "Less", 0, 0, 0, 0, 18, 0, 0, 0, 0, 0, 18
"d:\2021--自己用框架写的案例\my-Angular\src\app\shared\components\filter\filter.component.ts", "TypeScript", 0, 0, 0, 57, 0, 0, 0, 0, 2, 10, 69
"d:\2021--自己用框架写的案例\my-Angular\src\app\shared\components\select\select.component.html", "HTML", 0, 0, 0, 0, 0, 6, 0, 0, 0, 1, 7
"d:\2021--自己用框架写的案例\my-Angular\src\app\shared\components\select\select.component.less", "Less", 0, 0, 0, 0, 3, 0, 0, 0, 0, 0, 3
"d:\2021--自己用框架写的案例\my-Angular\src\app\shared\components\select\select.component.ts", "TypeScript", 0, 0, 0, 18, 0, 0, 0, 0, 0, 5, 23
"d:\2021--自己用框架写的案例\my-Angular\src\app\shared\components\test\test.component.html", "HTML", 0, 0, 0, 0, 0, 7, 0, 0, 0, 0, 7
"d:\2021--自己用框架写的案例\my-Angular\src\app\shared\components\test\test.component.less", "Less", 0, 0, 0, 0, 4, 0, 0, 0, 0, 0, 4
"d:\2021--自己用框架写的案例\my-Angular\src\app\shared\components\test\test.component.spec.ts", "TypeScript", 0, 0, 0, 20, 0, 0, 0, 0, 0, 6, 26
"d:\2021--自己用框架写的案例\my-Angular\src\app\shared\components\test\test.component.ts", "TypeScript", 0, 0, 0, 11, 0, 0, 0, 0, 0, 5, 16
"d:\2021--自己用框架写的案例\my-Angular\src\app\shared\components\zorro\button\button.component.html", "HTML", 0, 0, 0, 0, 0, 11, 0, 0, 0, 0, 11
"d:\2021--自己用框架写的案例\my-Angular\src\app\shared\components\zorro\button\button.component.less", "Less", 0, 0, 0, 0, 12, 0, 0, 0, 0, 3, 15
"d:\2021--自己用框架写的案例\my-Angular\src\app\shared\components\zorro\button\button.component.ts", "TypeScript", 0, 0, 0, 64, 0, 0, 0, 0, 13, 15, 92
"d:\2021--自己用框架写的案例\my-Angular\src\app\shared\components\zorro\carousle\zorro.component.html", "HTML", 0, 0, 0, 0, 0, 4, 0, 0, 1, 0, 5
"d:\2021--自己用框架写的案例\my-Angular\src\app\shared\components\zorro\carousle\zorro.component.less", "Less", 0, 0, 0, 0, 10, 0, 0, 0, 0, 3, 13
"d:\2021--自己用框架写的案例\my-Angular\src\app\shared\components\zorro\carousle\zorro.component.ts", "TypeScript", 0, 0, 0, 28, 0, 0, 0, 0, 0, 6, 34
"d:\2021--自己用框架写的案例\my-Angular\src\app\shared\core\directives\clickoutside.directive.ts", "TypeScript", 0, 0, 0, 16, 0, 0, 0, 0, 1, 3, 20
"d:\2021--自己用框架写的案例\my-Angular\src\app\shared\core\directives\img-default.directive.ts", "TypeScript", 0, 0, 0, 10, 0, 0, 0, 0, 0, 2, 12
"d:\2021--自己用框架写的案例\my-Angular\src\app\shared\core\eventEmit\eventEmit.service.ts", "TypeScript", 0, 0, 0, 14, 0, 0, 0, 0, 0, 1, 15
"d:\2021--自己用框架写的案例\my-Angular\src\app\shared\core\pipes\date-pipe.pipe.spec.ts", "TypeScript", 0, 0, 0, 7, 0, 0, 0, 0, 0, 2, 9
"d:\2021--自己用框架写的案例\my-Angular\src\app\shared\core\pipes\date-pipe.pipe.ts", "TypeScript", 0, 0, 0, 13, 0, 0, 0, 0, 0, 4, 17
"d:\2021--自己用框架写的案例\my-Angular\src\app\shared\core\pipes\filter-search.pipe.ts", "TypeScript", 0, 0, 0, 12, 0, 0, 0, 0, 0, 2, 14
"d:\2021--自己用框架写的案例\my-Angular\src\app\shared\core\pipes\html-piple.ts", "TypeScript", 0, 0, 0, 12, 0, 0, 0, 0, 0, 1, 13
"d:\2021--自己用框架写的案例\my-Angular\src\app\shared\core\pipes\order-by.pipe.spec.ts", "TypeScript", 0, 0, 0, 7, 0, 0, 0, 0, 0, 2, 9
"d:\2021--自己用框架写的案例\my-Angular\src\app\shared\core\pipes\order-by.pipe.ts", "TypeScript", 0, 0, 0, 54, 0, 0, 0, 0, 6, 15, 75
"d:\2021--自己用框架写的案例\my-Angular\src\app\shared\core\utlis\common.utils.ts", "TypeScript", 0, 0, 0, 10, 0, 0, 0, 0, 1, 3, 14
"d:\2021--自己用框架写的案例\my-Angular\src\app\shared\core\utlis\constant.ts", "TypeScript", 0, 0, 0, 106, 0, 0, 0, 0, 2, 8, 116
"d:\2021--自己用框架写的案例\my-Angular\src\app\shared\core\utlis\entityCache.ts", "TypeScript", 0, 0, 0, 3, 0, 0, 0, 0, 0, 0, 3
"d:\2021--自己用框架写的案例\my-Angular\src\app\shared\core\utlis\sting.ts", "TypeScript", 0, 0, 0, 3, 0, 0, 0, 0, 2, 0, 5
"d:\2021--自己用框架写的案例\my-Angular\src\app\shared\shared.module.ts", "TypeScript", 0, 0, 0, 53, 0, 0, 0, 0, 8, 4, 65
"d:\2021--自己用框架写的案例\my-Angular\src\app\store\action\counter.actions.ts", "TypeScript", 0, 0, 0, 4, 0, 0, 0, 0, 0, 1, 5
"d:\2021--自己用框架写的案例\my-Angular\src\app\store\action\filter.actions.ts", "TypeScript", 0, 0, 0, 4, 0, 0, 0, 0, 0, 3, 7
"d:\2021--自己用框架写的案例\my-Angular\src\app\store\action\index.ts", "TypeScript", 0, 0, 0, 2, 0, 0, 0, 0, 0, 3, 5
"d:\2021--自己用框架写的案例\my-Angular\src\app\store\reducer\counter.reducer.ts", "TypeScript", 0, 0, 0, 19, 0, 0, 0, 0, 10, 6, 35
"d:\2021--自己用框架写的案例\my-Angular\src\app\store\reducer\filter.reducer.ts", "TypeScript", 0, 0, 0, 20, 0, 0, 0, 0, 0, 6, 26
"d:\2021--自己用框架写的案例\my-Angular\src\app\store\reducer\index.ts", "TypeScript", 0, 0, 0, 11, 0, 0, 0, 0, 0, 3, 14
"d:\2021--自己用框架写的案例\my-Angular\src\app\store\selector\counter.selector.ts", "TypeScript", 0, 0, 0, 15, 0, 0, 0, 0, 1, 6, 22
"d:\2021--自己用框架写的案例\my-Angular\src\app\store\selector\filter.selector.ts", "TypeScript", 0, 0, 0, 14, 0, 0, 0, 0, 4, 3, 21
"d:\2021--自己用框架写的案例\my-Angular\src\app\store\store.module.ts", "TypeScript", 0, 0, 0, 14, 0, 0, 0, 0, 2, 2, 18
"d:\2021--自己用框架写的案例\my-Angular\src\assets\config.json", "JSON", 0, 0, 4, 0, 0, 0, 0, 0, 0, 0, 4
"d:\2021--自己用框架写的案例\my-Angular\src\assets\fonts\iconfont.svg", "XML", 0, 0, 0, 0, 0, 0, 26, 0, 3, 19, 48
"d:\2021--自己用框架写的案例\my-Angular\src\assets\styles\iconfont.css", "CSS", 0, 0, 0, 0, 0, 0, 0, 36, 0, 10, 46
"d:\2021--自己用框架写的案例\my-Angular\src\environments\environment.prod.ts", "TypeScript", 0, 0, 0, 3, 0, 0, 0, 0, 0, 1, 4
"d:\2021--自己用框架写的案例\my-Angular\src\environments\environment.ts", "TypeScript", 0, 0, 0, 3, 0, 0, 0, 0, 11, 3, 17
"d:\2021--自己用框架写的案例\my-Angular\src\index.html", "HTML", 0, 0, 0, 0, 0, 13, 0, 0, 0, 1, 14
"d:\2021--自己用框架写的案例\my-Angular\src\main.ts", "TypeScript", 0, 0, 0, 10, 0, 0, 0, 0, 0, 4, 14
"d:\2021--自己用框架写的案例\my-Angular\src\polyfills.ts", "TypeScript", 0, 0, 0, 1, 0, 0, 0, 0, 55, 8, 64
"d:\2021--自己用框架写的案例\my-Angular\src\sq.style.less", "Less", 0, 0, 0, 0, 90, 0, 0, 0, 2, 16, 108
"d:\2021--自己用框架写的案例\my-Angular\src\styles.less", "Less", 0, 0, 0, 0, 465, 0, 0, 0, 134, 86, 685
"d:\2021--自己用框架写的案例\my-Angular\src\test.ts", "TypeScript", 0, 0, 0, 18, 0, 0, 0, 0, 4, 4, 26
"d:\2021--自己用框架写的案例\my-Angular\tsconfig.app.json", "JSON", 0, 0, 14, 0, 0, 0, 0, 0, 0, 1, 15
"d:\2021--自己用框架写的案例\my-Angular\tsconfig.json", "JSON", 0, 0, 22, 0, 0, 0, 0, 0, 6, 1, 29
"d:\2021--自己用框架写的案例\my-Angular\tsconfig.spec.json", "JSON", 0, 0, 18, 0, 0, 0, 0, 0, 0, 1, 19
"d:\2021--自己用框架写的案例\my-Angular\tslint.json", "JSON", 0, 0, 91, 0, 0, 0, 0, 0, 0, 0, 91
"d:\2021--自己用框架写的案例\my-Angular\vscodepeizhi.md", "Markdown", 0, 21, 0, 0, 0, 0, 0, 0, 1, 1, 23
"d:\2021--自己用框架写的案例\my-Angular\webpack.config.js", "JavaScript", 14, 0, 0, 0, 0, 0, 0, 0, 7, 4, 25
"d:\2021--自己用框架写的案例\my-Angular\webpack.partial.js", "JavaScript", 62, 0, 0, 0, 0, 0, 0, 0, 0, 2, 64
"d:\2021--自己用框架写的案例\my-Angular\学习笔记.md", "Markdown", 0, 31, 0, 0, 0, 0, 0, 0, 0, 14, 45
"Total", "-", 146, 95, 16394, 2588, 771, 724, 32, 36, 598, 953, 22337